"filename", "language", "HTML", "TypeScript", "PostCSS", "XML", "JSON with Comments", "JSON", "JavaScript", "Markdown", "comment", "blank", "total"
"/Users/horikazunari/TypeScript/vite-ts-mandara/README.md", "Markdown", 0, 0, 0, 0, 0, 0, 0, 66, 0, 36, 102
"/Users/horikazunari/TypeScript/vite-ts-mandara/data/japan_climate_mdrj_json/japan_climate.json", "JSON", 0, 0, 0, 0, 0, 44369, 0, 0, 0, 0, 44369
"/Users/horikazunari/TypeScript/vite-ts-mandara/data/japan_data_mdrj_json/japan_data4.json", "JSON", 0, 0, 0, 0, 0, 253948, 0, 0, 0, 0, 253948
"/Users/horikazunari/TypeScript/vite-ts-mandara/data/japan_data_mdrmj_json/japan_data.json", "JSON", 0, 0, 0, 0, 0, 474074, 0, 0, 0, 0, 474074
"/Users/horikazunari/TypeScript/vite-ts-mandara/data/worldpopulation2_mdrj_json/worldpopulation2.json", "JSON", 0, 0, 0, 0, 0, 34115, 0, 0, 0, 0, 34115
"/Users/horikazunari/TypeScript/vite-ts-mandara/data/worldpopulation3_mdrmj_json/worldpopulation3.json", "JSON", 0, 0, 0, 0, 0, 418099, 0, 0, 0, 0, 418099
"/Users/horikazunari/TypeScript/vite-ts-mandara/data/worldpopulation_mdrj_json/worldpopulation.json", "JSON", 0, 0, 0, 0, 0, 14452, 0, 0, 0, 0, 14452
"/Users/horikazunari/TypeScript/vite-ts-mandara/index.html", "HTML", 214, 0, 0, 0, 0, 0, 0, 0, 8, 12, 234
"/Users/horikazunari/TypeScript/vite-ts-mandara/index_dividecss.html", "HTML", 303, 0, 0, 0, 0, 0, 0, 0, 0, 14, 317
"/Users/horikazunari/TypeScript/vite-ts-mandara/kjmap2mandarajs.html", "HTML", 37, 0, 0, 0, 0, 0, 0, 0, 0, 2, 39
"/Users/horikazunari/TypeScript/vite-ts-mandara/mandarawebgis.css", "PostCSS", 0, 0, 93, 0, 0, 0, 0, 0, 1, 16, 110
"/Users/horikazunari/TypeScript/vite-ts-mandara/mandarawebgis.html", "HTML", 125, 0, 0, 0, 0, 0, 0, 0, 0, 20, 145
"/Users/horikazunari/TypeScript/vite-ts-mandara/mandarawebgis_dividecss.html", "HTML", 38, 0, 0, 0, 0, 0, 0, 0, 0, 4, 42
"/Users/horikazunari/TypeScript/vite-ts-mandara/mandarawebgis_index.css", "PostCSS", 0, 0, 50, 0, 0, 0, 0, 0, 1, 11, 62
"/Users/horikazunari/TypeScript/vite-ts-mandara/mandarawebgis_ts.html", "HTML", 104, 0, 0, 0, 0, 0, 0, 0, 1, 19, 124
"/Users/horikazunari/TypeScript/vite-ts-mandara/map/CHINA_mpfj_json/CHINA.json", "JSON", 0, 0, 0, 0, 0, 36573, 0, 0, 0, 0, 36573
"/Users/horikazunari/TypeScript/vite-ts-mandara/map/JAPAN_mpfj_json/JAPAN.json", "JSON", 0, 0, 0, 0, 0, 33013, 0, 0, 0, 0, 33013
"/Users/horikazunari/TypeScript/vite-ts-mandara/map/USA_mpfj_json/USA.json", "JSON", 0, 0, 0, 0, 0, 47961, 0, 0, 0, 0, 47961
"/Users/horikazunari/TypeScript/vite-ts-mandara/map/WORLD2_mpfj_json/WORLD2.json", "JSON", 0, 0, 0, 0, 0, 407757, 0, 0, 0, 0, 407757
"/Users/horikazunari/TypeScript/vite-ts-mandara/map/WORLD_mpfj_json/WORLD.json", "JSON", 0, 0, 0, 0, 0, 408002, 0, 0, 0, 0, 408002
"/Users/horikazunari/TypeScript/vite-ts-mandara/map/japanLatLon_mpfj_json/日本緯度経度.json", "JSON", 0, 0, 0, 0, 0, 83358, 0, 0, 0, 0, 83358
"/Users/horikazunari/TypeScript/vite-ts-mandara/package-lock.json", "JSON", 0, 0, 0, 0, 0, 1075, 0, 0, 0, 1, 1076
"/Users/horikazunari/TypeScript/vite-ts-mandara/package.json", "JSON", 0, 0, 0, 0, 0, 16, 0, 0, 0, 1, 17
"/Users/horikazunari/TypeScript/vite-ts-mandara/public/mandara_ts/JavaScript.code-workspace", "JSON with Comments", 0, 0, 0, 0, 7, 0, 0, 0, 0, 0, 7
"/Users/horikazunari/TypeScript/vite-ts-mandara/public/mandara_ts/MeshConour.js", "JavaScript", 0, 0, 0, 0, 0, 0, 569, 0, 171, 1, 741
"/Users/horikazunari/TypeScript/vite-ts-mandara/public/mandara_ts/MeshConour.ts", "TypeScript", 0, 522, 0, 0, 0, 0, 0, 0, 171, 35, 728
"/Users/horikazunari/TypeScript/vite-ts-mandara/public/mandara_ts/SortingSearch.js", "JavaScript", 0, 0, 0, 0, 0, 0, 190, 0, 92, 1, 283
"/Users/horikazunari/TypeScript/vite-ts-mandara/public/mandara_ts/SortingSearch.ts", "TypeScript", 0, 183, 0, 0, 0, 0, 0, 0, 92, 26, 301
"/Users/horikazunari/TypeScript/vite-ts-mandara/public/mandara_ts/SpatialIndexSearch.js", "JavaScript", 0, 0, 0, 0, 0, 0, 638, 0, 128, 1, 767
"/Users/horikazunari/TypeScript/vite-ts-mandara/public/mandara_ts/SpatialIndexSearch.ts", "TypeScript", 0, 622, 0, 0, 0, 0, 0, 0, 128, 50, 800
"/Users/horikazunari/TypeScript/vite-ts-mandara/public/mandara_ts/clsAccessory.js", "JavaScript", 0, 0, 0, 0, 0, 0, 2350, 0, 734, 1, 3085
"/Users/horikazunari/TypeScript/vite-ts-mandara/public/mandara_ts/clsAccessory.ts", "TypeScript", 0, 2278, 0, 0, 0, 0, 0, 0, 734, 163, 3175
"/Users/horikazunari/TypeScript/vite-ts-mandara/public/mandara_ts/clsAttrData.js", "JavaScript", 0, 0, 0, 0, 0, 0, 7796, 0, 1761, 1, 9558
"/Users/horikazunari/TypeScript/vite-ts-mandara/public/mandara_ts/clsAttrData.ts", "TypeScript", 0, 7574, 0, 0, 0, 0, 0, 0, 1761, 515, 9850
"/Users/horikazunari/TypeScript/vite-ts-mandara/public/mandara_ts/clsDraw.js", "JavaScript", 0, 0, 0, 0, 0, 0, 3786, 0, 318, 1, 4105
"/Users/horikazunari/TypeScript/vite-ts-mandara/public/mandara_ts/clsDraw.ts", "TypeScript", 0, 3748, 0, 0, 0, 0, 0, 0, 318, 433, 4499
"/Users/horikazunari/TypeScript/vite-ts-mandara/public/mandara_ts/clsGeneric.js", "JavaScript", 0, 0, 0, 0, 0, 0, 5483, 0, 1851, 1, 7335
"/Users/horikazunari/TypeScript/vite-ts-mandara/public/mandara_ts/clsGeneric.ts", "TypeScript", 0, 5301, 0, 0, 0, 0, 0, 0, 1853, 376, 7530
"/Users/horikazunari/TypeScript/vite-ts-mandara/public/mandara_ts/clsGrid.js", "JavaScript", 0, 0, 0, 0, 0, 0, 1754, 0, 187, 1, 1942
"/Users/horikazunari/TypeScript/vite-ts-mandara/public/mandara_ts/clsGrid.ts", "TypeScript", 0, 1704, 0, 0, 0, 0, 0, 0, 187, 77, 1968
"/Users/horikazunari/TypeScript/vite-ts-mandara/public/mandara_ts/clsGridControl.js", "JavaScript", 0, 0, 0, 0, 0, 0, 4076, 0, 462, 1, 4539
"/Users/horikazunari/TypeScript/vite-ts-mandara/public/mandara_ts/clsGridControl.ts", "TypeScript", 0, 3932, 0, 0, 0, 0, 0, 0, 462, 252, 4646
"/Users/horikazunari/TypeScript/vite-ts-mandara/public/mandara_ts/clsMapdata.js", "JavaScript", 0, 0, 0, 0, 0, 0, 2791, 0, 495, 1, 3287
"/Users/horikazunari/TypeScript/vite-ts-mandara/public/mandara_ts/clsMapdata.ts", "TypeScript", 0, 2681, 0, 0, 0, 0, 0, 0, 495, 211, 3387
"/Users/horikazunari/TypeScript/vite-ts-mandara/public/mandara_ts/clsPrint.js", "JavaScript", 0, 0, 0, 0, 0, 0, 3555, 0, 941, 1, 4497
"/Users/horikazunari/TypeScript/vite-ts-mandara/public/mandara_ts/clsPrint.ts", "TypeScript", 0, 3458, 0, 0, 0, 0, 0, 0, 941, 229, 4628
"/Users/horikazunari/TypeScript/vite-ts-mandara/public/mandara_ts/clsSubWindows.js", "JavaScript", 0, 0, 0, 0, 0, 0, 3466, 0, 1032, 1, 4499
"/Users/horikazunari/TypeScript/vite-ts-mandara/public/mandara_ts/clsSubWindows.ts", "TypeScript", 0, 3426, 0, 0, 0, 0, 0, 0, 1062, 243, 4731
"/Users/horikazunari/TypeScript/vite-ts-mandara/public/mandara_ts/clsTime.js", "JavaScript", 0, 0, 0, 0, 0, 0, 368, 0, 289, 1, 658
"/Users/horikazunari/TypeScript/vite-ts-mandara/public/mandara_ts/clsTime.ts", "TypeScript", 0, 361, 0, 0, 0, 0, 0, 0, 289, 35, 685
"/Users/horikazunari/TypeScript/vite-ts-mandara/public/mandara_ts/clsWindow.js", "JavaScript", 0, 0, 0, 0, 0, 0, 4074, 0, 1205, 1, 5280
"/Users/horikazunari/TypeScript/vite-ts-mandara/public/mandara_ts/clsWindow.ts", "TypeScript", 0, 4071, 0, 0, 0, 0, 0, 0, 1206, 263, 5540
"/Users/horikazunari/TypeScript/vite-ts-mandara/public/mandara_ts/encoding.min.js", "JavaScript", 0, 0, 0, 0, 0, 0, 1, 0, 7, 0, 8
"/Users/horikazunari/TypeScript/vite-ts-mandara/public/mandara_ts/eslint.config.mjs", "JavaScript", 0, 0, 0, 0, 0, 0, 11, 0, 0, 2, 13
"/Users/horikazunari/TypeScript/vite-ts-mandara/public/mandara_ts/frmPrint.js", "JavaScript", 0, 0, 0, 0, 0, 0, 1779, 0, 534, 1, 2314
"/Users/horikazunari/TypeScript/vite-ts-mandara/public/mandara_ts/frmPrint.ts", "TypeScript", 0, 1742, 0, 0, 0, 0, 0, 0, 534, 78, 2354
"/Users/horikazunari/TypeScript/vite-ts-mandara/public/mandara_ts/index.html", "HTML", 363, 0, 0, 0, 0, 0, 0, 0, 0, 25, 388
"/Users/horikazunari/TypeScript/vite-ts-mandara/public/mandara_ts/japanLatLonMap.js", "JavaScript", 0, 0, 0, 0, 0, 0, 2, 0, 1, 1, 4
"/Users/horikazunari/TypeScript/vite-ts-mandara/public/mandara_ts/japanLatLonMap.ts", "TypeScript", 0, 1, 0, 0, 0, 0, 0, 0, 1, 0, 2
"/Users/horikazunari/TypeScript/vite-ts-mandara/public/mandara_ts/japanmap.js", "JavaScript", 0, 0, 0, 0, 0, 0, 2, 0, 1, 1, 4
"/Users/horikazunari/TypeScript/vite-ts-mandara/public/mandara_ts/japanmap.ts", "TypeScript", 0, 1, 0, 0, 0, 0, 0, 0, 1, 0, 2
"/Users/horikazunari/TypeScript/vite-ts-mandara/public/mandara_ts/kjmap2mandarajs.html", "HTML", 37, 0, 0, 0, 0, 0, 0, 0, 0, 2, 39
"/Users/horikazunari/TypeScript/vite-ts-mandara/public/mandara_ts/main.js", "JavaScript", 0, 0, 0, 0, 0, 0, 178, 0, 100, 1, 279
"/Users/horikazunari/TypeScript/vite-ts-mandara/public/mandara_ts/main.ts", "TypeScript", 0, 182, 0, 0, 0, 0, 0, 0, 93, 24, 299
"/Users/horikazunari/TypeScript/vite-ts-mandara/public/mandara_ts/mandarawebgis.html", "HTML", 125, 0, 0, 0, 0, 0, 0, 0, 0, 19, 144
"/Users/horikazunari/TypeScript/vite-ts-mandara/public/mandara_ts/mdrwebgis.html", "HTML", 124, 0, 0, 0, 0, 0, 0, 0, 0, 19, 143
"/Users/horikazunari/TypeScript/vite-ts-mandara/public/mandara_ts/package-lock.json", "JSON", 0, 0, 0, 0, 0, 7615, 0, 0, 0, 1, 7616
"/Users/horikazunari/TypeScript/vite-ts-mandara/public/mandara_ts/package.json", "JSON", 0, 0, 0, 0, 0, 20, 0, 0, 0, 1, 21
"/Users/horikazunari/TypeScript/vite-ts-mandara/public/mandara_ts/shapeFile.js", "JavaScript", 0, 0, 0, 0, 0, 0, 516, 0, 44, 1, 561
"/Users/horikazunari/TypeScript/vite-ts-mandara/public/mandara_ts/shapeFile.ts", "TypeScript", 0, 499, 0, 0, 0, 0, 0, 0, 44, 44, 587
"/Users/horikazunari/TypeScript/vite-ts-mandara/public/mandara_ts/tsconfig.json", "JSON with Comments", 0, 0, 0, 0, 12, 0, 0, 0, 95, 9, 116
"/Users/horikazunari/TypeScript/vite-ts-mandara/public/mandara_ts/worldmap.js", "JavaScript", 0, 0, 0, 0, 0, 0, 2, 0, 1, 1, 4
"/Users/horikazunari/TypeScript/vite-ts-mandara/public/mandara_ts/worldmap.ts", "TypeScript", 0, 1, 0, 0, 0, 0, 0, 0, 1, 0, 2
"/Users/horikazunari/TypeScript/vite-ts-mandara/public/mandara_ts/zlibrev.js", "JavaScript", 0, 0, 0, 0, 0, 0, 3784, 0, 386, 1, 4171
"/Users/horikazunari/TypeScript/vite-ts-mandara/public/mandara_ts/zlibrev.ts", "TypeScript", 0, 3711, 0, 0, 0, 0, 0, 0, 386, 5, 4102
"/Users/horikazunari/TypeScript/vite-ts-mandara/public/vite.svg", "XML", 0, 0, 0, 1, 0, 0, 0, 0, 0, 0, 1
"/Users/horikazunari/TypeScript/vite-ts-mandara/src/MeshContour.ts", "TypeScript", 0, 534, 0, 0, 0, 0, 0, 0, 49, 43, 626
"/Users/horikazunari/TypeScript/vite-ts-mandara/src/SortingSearch.ts", "TypeScript", 0, 184, 0, 0, 0, 0, 0, 0, 41, 29, 254
"/Users/horikazunari/TypeScript/vite-ts-mandara/src/SpatialIndexSearch.ts", "TypeScript", 0, 635, 0, 0, 0, 0, 0, 0, 52, 56, 743
"/Users/horikazunari/TypeScript/vite-ts-mandara/src/clsAccessory.ts", "TypeScript", 0, 2287, 0, 0, 0, 0, 0, 0, 66, 163, 2516
"/Users/horikazunari/TypeScript/vite-ts-mandara/src/clsAttrData.ts", "TypeScript", 0, 7264, 0, 0, 0, 0, 0, 0, 422, 498, 8184
"/Users/horikazunari/TypeScript/vite-ts-mandara/src/clsDraw.ts", "TypeScript", 0, 3749, 0, 0, 0, 0, 0, 0, 55, 434, 4238
"/Users/horikazunari/TypeScript/vite-ts-mandara/src/clsGeneric.ts", "TypeScript", 0, 5264, 0, 0, 0, 0, 0, 0, 398, 381, 6043
"/Users/horikazunari/TypeScript/vite-ts-mandara/src/clsGrid.ts", "TypeScript", 0, 1704, 0, 0, 0, 0, 0, 0, 116, 77, 1897
"/Users/horikazunari/TypeScript/vite-ts-mandara/src/clsGridControl.ts", "TypeScript", 0, 3937, 0, 0, 0, 0, 0, 0, 450, 261, 4648
"/Users/horikazunari/TypeScript/vite-ts-mandara/src/clsMapdata.ts", "TypeScript", 0, 2684, 0, 0, 0, 0, 0, 0, 495, 208, 3387
"/Users/horikazunari/TypeScript/vite-ts-mandara/src/clsPrint.ts", "TypeScript", 0, 3456, 0, 0, 0, 0, 0, 0, 104, 228, 3788
"/Users/horikazunari/TypeScript/vite-ts-mandara/src/clsSubWindows.ts", "TypeScript", 0, 3424, 0, 0, 0, 0, 0, 0, 116, 243, 3783
"/Users/horikazunari/TypeScript/vite-ts-mandara/src/clsTime.ts", "TypeScript", 0, 359, 0, 0, 0, 0, 0, 0, 7, 46, 412
"/Users/horikazunari/TypeScript/vite-ts-mandara/src/clsWindow.ts", "TypeScript", 0, 4070, 0, 0, 0, 0, 0, 0, 180, 263, 4513
"/Users/horikazunari/TypeScript/vite-ts-mandara/src/counter.ts", "TypeScript", 0, 9, 0, 0, 0, 0, 0, 0, 0, 1, 10
"/Users/horikazunari/TypeScript/vite-ts-mandara/src/encoding.min.ts", "TypeScript", 0, 1, 0, 0, 0, 0, 0, 0, 8, 0, 9
"/Users/horikazunari/TypeScript/vite-ts-mandara/src/frmPrint.ts", "TypeScript", 0, 1712, 0, 0, 0, 0, 0, 0, 61, 81, 1854
"/Users/horikazunari/TypeScript/vite-ts-mandara/src/globals.d.ts", "TypeScript", 0, 615, 0, 0, 0, 0, 0, 0, 48, 78, 741
"/Users/horikazunari/TypeScript/vite-ts-mandara/src/index.ts", "TypeScript", 0, 22, 0, 0, 0, 0, 0, 0, 2, 1, 25
"/Users/horikazunari/TypeScript/vite-ts-mandara/src/japanLatLonMap.ts", "TypeScript", 0, 1, 0, 0, 0, 0, 0, 0, 0, 0, 1
"/Users/horikazunari/TypeScript/vite-ts-mandara/src/japanmap.ts", "TypeScript", 0, 1, 0, 0, 0, 0, 0, 0, 0, 0, 1
"/Users/horikazunari/TypeScript/vite-ts-mandara/src/main.ts", "TypeScript", 0, 175, 0, 0, 0, 0, 0, 0, 13, 34, 222
"/Users/horikazunari/TypeScript/vite-ts-mandara/src/shapeFile.ts", "TypeScript", 0, 507, 0, 0, 0, 0, 0, 0, 15, 44, 566
"/Users/horikazunari/TypeScript/vite-ts-mandara/src/style.css", "PostCSS", 0, 0, 85, 0, 0, 0, 0, 0, 0, 12, 97
"/Users/horikazunari/TypeScript/vite-ts-mandara/src/typescript.svg", "XML", 0, 0, 0, 1, 0, 0, 0, 0, 0, 0, 1
"/Users/horikazunari/TypeScript/vite-ts-mandara/src/worldmap.ts", "TypeScript", 0, 1, 0, 0, 0, 0, 0, 0, 0, 0, 1
"/Users/horikazunari/TypeScript/vite-ts-mandara/src/zlibrev.ts", "TypeScript", 0, 3711, 0, 0, 0, 0, 0, 0, 5, 5, 3721
"/Users/horikazunari/TypeScript/vite-ts-mandara/tsconfig.json", "JSON with Comments", 0, 0, 0, 0, 33, 0, 0, 0, 21, 8, 62
"/Users/horikazunari/TypeScript/vite-ts-mandara/vite.config.ts", "TypeScript", 0, 28, 0, 0, 0, 0, 0, 0, 9, 1, 38
"Total", "-", 1470, 92332, 228, 2, 52, 2264447, 47171, 66, 24338, 6489, 2436595